{"cameraMode":{"drawMode":0,"name":"Shaded","section":"Shading Mode"},"sceneLighting":false,"audioPlay":false,"sceneViewState":{"showFog":true,"showMaterialUpdate":false,"showSkybox":true,"showFlares":true,"showImageEffects":true,"showParticleSystems":true},"in2DMode":false,"pivot":{"x":205.78587341308595,"y":1.2699999809265137,"z":409.9200134277344},"rotation":{"x":0.10572710633277893,"y":0.6450943350791931,"z":-0.09078273177146912,"w":0.7512879371643066},"size":4.041658401489258,"orthographic":false}