{"cameraMode":{"drawMode":0,"name":"Shaded","section":"Shading Mode"},"sceneLighting":false,"audioPlay":false,"sceneViewState":{"showFog":true,"showMaterialUpdate":false,"showSkybox":true,"showFlares":true,"showImageEffects":true,"showParticleSystems":true},"in2DMode":false,"pivot":{"x":208.14999389648438,"y":2.109999895095825,"z":383.9312744140625},"rotation":{"x":-0.042181290686130527,"y":0.9576968550682068,"z":-0.2089463323354721,"w":-0.1933363378047943},"size":2.8578836917877199,"orthographic":false}