{"cameraMode":{"drawMode":0,"name":"Shaded","section":"Shading Mode"},"sceneLighting":true,"audioPlay":false,"sceneViewState":{"showFog":true,"showMaterialUpdate":false,"showSkybox":true,"showFlares":true,"showImageEffects":true,"showParticleSystems":true},"in2DMode":false,"pivot":{"x":207.77000427246095,"y":1.0,"z":410.3681945800781},"rotation":{"x":0.10572710633277893,"y":0.6450943350791931,"z":-0.09078273177146912,"w":0.7512879371643066},"size":4.041658401489258,"orthographic":false}