{"cameraMode":{"drawMode":0,"name":"Shaded","section":"Shading Mode"},"sceneLighting":false,"audioPlay":false,"sceneViewState":{"showFog":true,"showMaterialUpdate":false,"showSkybox":true,"showFlares":true,"showImageEffects":true,"showParticleSystems":true},"in2DMode":false,"pivot":{"x":208.47999572753907,"y":2.240000009536743,"z":387.872314453125},"rotation":{"x":-0.042181290686130527,"y":0.9576968550682068,"z":-0.2089463323354721,"w":-0.1933363378047943},"size":2.8578836917877199,"orthographic":false}