{"cameraMode":{"drawMode":0,"name":"Shaded","section":"Shading Mode"},"sceneLighting":false,"audioPlay":false,"sceneViewState":{"showFog":true,"showMaterialUpdate":false,"showSkybox":true,"showFlares":true,"showImageEffects":true,"showParticleSystems":true},"in2DMode":false,"pivot":{"x":221.6999969482422,"y":0.4739999771118164,"z":382.7139892578125},"rotation":{"x":0.0701485276222229,"y":0.9298503994941711,"z":-0.256152480840683,"w":0.2546437382698059},"size":2.8578836917877199,"orthographic":false}